URL,NAMA,DEVELOPER
https://www.apkmonk.com/app/com.brcmcm.ktakuapps/,KTA Kilat  - Pinjam  Duit jadi lebih Cepat,Cruise Apps
https://www.apkmonk.com/app/kre.uangmudah.kreditanlorowh/,KTA Kilat  - Pinjaman Uang Rupiah  Mudah & Cepat,PT.  Kredit Mega Reksa
https://apkpure.net/id/dinaran-rupiah-anda-bernilai/com.dinaran,Dinaran Rupiah Anda  Bernilai,PT.  CIPTALINTANG  AJI DANA
https://apkpure.net/id/sinar-rupiah-pinjaman- guide/com.newandromo.dev1747953.app2657417,Sinar  Rupiah Pinjaman Guide,Asmenah Dev
https://apkpure.net/id/uang-kilat/com.missy.pintar,Uang Kilat,Agatha Shumard
https://apkpure.net/id/kredit-cepat/com.tina.kreditcepat,Kredit Cepat,KasGoGo
https://apkpure.net/id/dompet-beruntung-pinjaman- hint/com.newandromo.dev1747953.app2664352,Dompet Beruntung Pinjaman Hint,Asmenah Dev
https://apkpure.net/id/pinjam-emas-pinjaman- guide/com.newandromo.dev1747953.app2629313,Pinjam  Emas  - Pinjaman  Guide,Asmenah Dev
https://apkpure.net/id/dana-indo-daftr-pinjol-amanojk/com.luckynineapps.danaindo,Dana Indo Daftr  Pinjol AmanOJK,LuckyNine  Apps
https://www.apkmonk.com/app/app.raja/,RajaUang - Pinjaman online cepat  & terpercaya,Id raja developer team
https://www.apkmonk.com/app/id.pinjaman.danatunai/,Dana Tunai - Pinjam  Online  Mudah Dan Cepat,PT Pinjaman Cepat Mandiri
https://www.apkmonk.com/app/id.sentralusahabudiman.danarakyat.app/,DANA RAKYAT,dome-admin
https://www.apkmonk.com/app/com.pertama.nomorsjck/,Peminjaman Dana- kredit pinjaman dana tunai online,DavetAustinpl
https://www.apkmonk.com/app/ndhg.bheryi.yzjd.wkqxjg/,Dana Anda,Kazuko Raffo
https://www.apkmonk.com/app/com.daphna.aaj.pinjamanpribadi/,Pinjaman Pribadi -List penyedia pinjam  uang  online,Daphna aaj
https://apkpure.net/optima-pinjol-cair-hints/com.rupiahkasih.pinjamanonline.denim,Optima Pinjol Cair  Hints,Denim  Market  App
https://apkpure.net/craftman-2024-map-addon- mcpe/com.mastercraft.modaddon.craftingamongus,Danamu  Uang Kilat Cair  Tips,Minicraft Mod Addon Co.Ltd
https://apkcombo.com/pinjol-ojk-cepat-cair-advice/com.torlabs.QuickBorrowAadharAdvice/,Pinjol OJK Cepat Cair  Advice,Tor  Labs
https://apkcombo.com/pinjol-cepat-cair-mudah- tip/com.pthafizatipinjolapp.cepatcairmudahtip/,Pinjol cepat cair  mudah tip,PT Hafizati
https://apkcombo.com/cara-pinjam-rupiah-cepat- cair/com.moelyodev.sololevelingwallpaper/,Cara Pinjam  Rupiah Cepat Cair,Moelyodev
https://apkcombo.com/pinjol-ke-dana-cair-tanpa- ktp/com.pinjamduitcair.tanpavermuktips/,Pinjol Ke Dana:  Cair  Tanpa  ktp,Ademe Inco
https://apkcombo.com/pinjol-tanpa-ktp-cair- info/com.PinjolTanpaKtpCairInfo.PinjolLangsungCairMudah/,Pinjol Tanpa  Ktp Cair  Info,Dreamy Vibez
https://apkpure.com/go-uang/com.gouang,Go Uang,ksp go uang
https://apkpure.com/bantuan-pinjaman/com.pcash.indb,Bantuan pinjaman,yoyochou
https://apkpure.com/sakukami-pinjaman-tips/com.prozzle.ladycatjigsawpuzzle,SakuKami :  Pinjaman Tips,Prozzle
https://apkpure.com/wallhub-mendapatkan-uang/com.jason.wallpaper,WallHub mendapatkan  uang,??????????
https://apkpure.com/uang-mudah/id.mudah.uang,Uang  Mudah,LuckyPlus
https://apkcombo.com/pas-dana-cair-kapan-saja-pas-kamu-butuh/com.pas.danaa/,"PAS  DANA – Cair  Kapan Saja,  Pas  Kamu Butuh",senag kali8
https://apkcombo.com/duit-kita/com.duitkita.duitkitab/,Duit Kita,KSP.MAKMUR ADIL  INDONESIA
https://apkcombo.com/pinjaman-koi-aman-terpercaya/com.pinjaman.koi.easy.rupee/,Pinjaman Koi - Aman Terpercaya,KSP Sarana Modal Madani
https://apkcombo.com/pinjaman-kita-pinjaman-uang-aman-dan- terpercaya/com.es.pinjaman_kita/,"Pinjaman Kita – Pinjaman Uang, Aman dan Terpercaya",Retno Suprihatin
https://apkcombo.com/pinjaman-tunai-aman-cepat-dan-terpercaya/id.uang.online/,"Pinjaman Tunai - Aman,  Cepat dan  Terpercaya",Yours Studio
https://apkpure.net/id/pinjaman-cepat-aplikasi-pinjaman- uang/com.wPinjamancepat_6130992,Pinjaman Cepat  - Aplikasi Pinjaman Uang,Aplikasi Peminjaman
https://apkpure.net/id/pinjaman-praktis/mobi.pinjaman.praktis.android,Pinjaman Praktis,OFG Technology
https://play.google.com/store/apps/details?id=pinjaman.dompet.uang.dana,Pinjaman Dompet Uang,Pinjaman Dompet
https://www.apkmonk.com/app/com.luckynineapps.danaindo,Dana Indo - Daftar  Pinjaman Online Aman Indonesia,LuckyNine  Apps
https://www.apkmonk.com/app/abc.myloan.help.pinjol,Duit Saku - pinjolnya masa kini,PT Dana Makmur  Sentosa
https://www.apkmonk.com/app/com.ashstudio.coolboyringtone.nadaderingcowokkeren/,Pinjam  Yuk  Pinjaman Online Tip,ASH Wallpaper
https://www.apkmonk.com/app/com.danaocean.dwarf,Dana Ocean - Pinjaman online tunai mudah cepat,ocean moli
https://www.apkmonk.com/app/com.pinjol.palingoke/,PALING OKE – Aplikasi Pinjol Tanpa Kartu,PT Pinjol CepatAman
https://www.apkmonk.com/app/com.eknsd.trbtk/,Solusi Rupiah,PT.  Kreasi Anak-Anak Bangsa Indonesia
https://www.apkmonk.com/app/com.mudahdana.xianjindai/,Mudah Dana,Mudah Dana
https://www.apkmonk.com/app/com.berlian.inti/,Pinjaman Tunai New Era,New Berlian Inti
https://www.apkmonk.com/app/com.gspl.rupiah/,mRupiah - Play to Earn Rupiah,AG PRO DEV
https://www.apkmonk.com/app/com.dinaran/,Dinaran :  Rupiah Anda  Bernilai,PT.  CIPTALINTANG  AJI DANA
https://apkpure.net/pohon-uang/com.money.tree.mtree.ynmtree,Pohon Uang,Big Money Game
https://apkpure.net/penghasil-uang-dana/com.holison.penghasildana,Penghasil Uang  Dana,Holison Games
https://apkpure.net/digi-dana/com.mitra.dana.app.android.bagus,Digi Dana,aeffendi572
https://apkpure.net/dana-kilat/www.danakilat.v1,Dana Kilat,"Wuhan  Dingli  Changxin  Technology  Co., Ltd."
https://apkpure.net/tugas-penghasil-uang-nyata/id.ahyardev.tugas,TUGAS Penghasil  Uang  nyata,PT UONE GROUP INDONESIA
https://apkpure.net/jp/wall-in-plus-pinjaman-uang-tunai-online/com.jackliu.wall_j_in/amp,Wall In plus  - Pinjaman Uang Tunai Online,YALONDA hamilton
https://apkgk.com/com.adamodalpinjamandanaclue.hd,Ada  Modal Pinjaman Dana Clue,Hi Dance
https://apkcombo.com/pinjol-500-ribu-cair-info/com.guideapps.pinjol500ribu/,Pinjol 500 Ribu Cair  Info,ALFIRDEV
https://apkgk.com/com.mp.danaproclue,Dana Pro Pinjaman Cepat Clue,Pinjaman Aman Sentosa
https://apkgk.com/com.newandromo.dev1197175.app2561632,Dana Rakyat Pinjaman  Guide,satuduatiga
https://apkgk.com/com.newandromo.dev1197175.app2562624/download,Bahagia Loan Pinjaman  Guide,satuduatiga
https://www.apkmonk.com/app/com.geerong.flashrupiah/,Rupiah Express—Pinjaman online mudah & cepat,jiarong
https://www.apkmonk.com/app/id.kdsfk.dokuok/,Doku  OK,Diku OK
https://www.apkmonk.com/app/com.jackliu.wall_i_in/,wall in - Pinjaman cepat tanpa  jaminan,Lory Schuylar
https://www.apkmonk.com/app/aeso.sunloan.kr.pinjol/,KITA BAYAR  – Aplikasi Pinjol Tronjal Tronjol,PT.  Prakarya Pinjol
https://www.apkmonk.com/app/com.siapgerak.pinjol.dana/,Siap Gerak  - Aplikasi Pinjol Tanpa  Kartu,PT.  Nusa Berdikari  Anggara
https://www.apkmonk.com/app/com.pinjol.palingcepat/,PALING CEPAT –  Aplikasi Pinjol Tanpa  Kartu,Pinjol Aman
https://www.apkmonk.com/app/abc.notemantul.pinjolbahagia/,DUIT MANTUL  – Solusi Pinjol Masa Kini,PT Kurnia  Abdi Teknolgi
https://www.apkmonk.com/app/abc.cepatmudah.cmpinjol/,Cepat Mudah - pinjol yang mudah,PT Makmur  Pratama
https://www.apkmonk.com/app/com.sahabatsaku.pinjolsaku/,Sahabat Saku - sahabat saku pinjol,Stefania Multari
https://www.apkmonk.com/app/com.jiehuahua.uangtunai/,Uang tunai-Pinjam  duit  cepet,"Key Cultural Technology Co.,  Ltd."
https://www.apkmonk.com/app/id/com.handuitplus.tampan/,duit plus - uang tunai cepat flash rupiah pinjam,Oliva
https://play.google.com/store/apps/details?id=com.minicredit.cas,Mini Cash - Pinjam  cepat,personal credit
https://play.google.com/store/apps/details?id=com.uang.pinjaman.indonesia,Indonesia Uang-Pinjaman Aman,SANCHEZ MARTINEZ MARIA FERNANDA
https://play.google.com/store/apps/details?id=pinjaman.dana.mudah.cicil.online,Dana mudah Cicil-PINJAMAN,Margo  Developer
https://apkcombo.com/id/pinjam-mudah-cair-cepat-mudah-uang- cepat/com.kampungkredit.seven/,Pinjam  Mudah Cair  Cepat-mudah  uang cepat,JoLynn Iverson
https://apkcombo.com/id/pinjammudah/com.dompuang.only.connect.branch.restrict.proje ct/,PinjamMudah,Audrey Spittler
https://apkcombo.com/id/pinjaman-cepat-ak/dk6AK.iosndqjavjkoiasdnlkasjifs/,Pinjaman Cepat AK,Rakasiwi Technology
https://apkcombo.com/id/pinjaman-dana-usaha-cepat/com.elvava.pinjamanmudah/,PINJAMAN  DANA USAHA CEPAT,Empat Sekawan
https://apkcombo.com/id/kami-sediain-pinjol-yang-paling-mudah/xom.kamisediain.pinjol/,Kami Sediain – Pinjol yang Paling  Mudah,PT.  Multi Kreasi Indonesia
https://apkcombo.com/id/dana-darurat-harapan/com.danadarurat.yn/,Dana Darurat Harapan,KSP Merdeka Indonesia  Empat Lima
https://apkcombo.com/id/dana-darurat-pinjaman-tunai/com.tktse.nered/,Dana Darurat-Pinjaman Tunai,Perusahaan Keuangan Anark
https://apkcombo.com/id/danacepat-pinjaman-uang/com.danacepat.dana/,DanaCepat  - Pinjaman Uang,PT.DanaCepat Indonesia
https://apkcombo.com/id/rupiah-cepat-pinjaman-uang-dana-tunai-cepat- online/com.janesi.android.rupiahcepat/,Rupiah Cepat-pinjaman uang dana  tunai cepat online,Rupiah Cepat
https://apkcombo.com/id/get-emas-dana-cepat/com.get.emas.fin/,Get  Emas - Dana Cepat,KSP Sumber Dana Besar
https://apkcombo.com/id/dana-cepat/com.hot.dc/,Dana Cepat,PT            HARUNOBU            INTERNATIONAL INDONESIA
https://apkcombo.com/id/danacepat-pinjaman-uang/com.app.danacepat.cservice/,DanaCepat  - Pinjaman Uang,PT.Keuangan Tech
https://apkcombo.com/id/dana-fulus-pinjama-cepat/fulus.dana.danafulus/,Dana Fulus-Pinjama Cepat,PT           SEJAHTERA           INTERNATIONAL INDONESIA
https://apkcombo.com/id/dana-go-kredit-cepat/com.dana.money.kta.danago/,Dana Go–Kredit Cepat,Pinjaman Amanah
https://apkcombo.com/id/dana-kilat/com.dana.zxmkilat/,Dana Kilat,Jeff  Bero
https://apkcombo.com/id/pinjam-uang-uang-kilat/com.puje.nerse/,Pinjam  Uang-Uang Kilat,Linnaeus Pendanaan Teknologi
https://apkcombo.com/id/easy-dana-pinjaman-tunai-uang/com.arklech.prod.indonesia/,Easy Dana-Pinjaman Tunai Uang,PT.  Easy  Dana Indonesia
https://apkcombo.com/id/dana-rupiah-penghasil-uang/com.superdanacuan.danarupiah/,Dana Rupiah  - Penghasil Uang,super dana cuan
https://apkcombo.com/id/uang-cepat-pinjaman-uang-dana-rupiah- online/com.mark.uangcepat/,Uang Cepat  - Pinjaman Uang Dana Rupiah Online,Levi Michie
https://apkcombo.com/id/uang-cash/id.sh.uangcash.fu/,Uang Cash,Alison
https://apkcombo.com/id/pinjaman-uang-tunai/com.wPinjamanuangtunai_6131240/,Pinjaman Uang Tunai,Aplikasi Pinjaman
https://apkcombo.com/id/pinjaman-dana-cicil/pinjaman.dana.cicil.online.uang/,Pinjaman dana cicil,Margo  Developer
https://apkcombo.com/id/dana-dompet-online-pinjaman/dana.pinjaman.dompet/,Dana Dompet  Online-Pinjaman,Uang cepat
https://apkcombo.com/id/pundikas-pinjaman-online/com.ppppundikas.iapinjam/,PundiKas-Pinjaman  Online,PT.PundiKas Indonesia
https://apkcombo.com/id/dana-darurat-kredit-tunai/com.danadarurat.danadarurat/,Dana Darurat  - Kredit Tunai,Uang mengkilap Company
https://apkcombo.com/id/dompet-digital-online-pinjaman/dompet.digital.pinjaman.dana/,Dompet Digital Online-Pinjaman,Uang cepat
https://apkcombo.com/id/dana-yuk-uang- efisien/com.dana.rendah.gampang.ada.on.konsumsi.pinjam.cash.tunai.line/,Dana Yuk:  Uang  Efisien,Pinjaman Kas Kredit Online: Dana  Yuk
https://apkcombo.com/id/make-money/bigxu.makemoney/,Make Money,Make Money  Online
https://apkcombo.com/id/tunai-bijak-pinjaman-uang-tunai-dana- online/com.tunaimark.bijaksuper.tunaibijak/,Tunai Bijak  - Pinjaman Uang Tunai  Dana Online,Amos Pondexter
https://apkcombo.com/id/dana-solusi%E2%80%94aplikasi-ajaib-untuk- peminjaman/com.uangtech.danasolusi/,Dana solusi—Aplikasi Ajaib untuk Peminjaman,wangcongcong
https://apkcombo.com/id/ayorupiah-solusi-dana-talangan-anda/com.ipogroup.ayorupiah/,AyoRupiah - Solusi  Dana Talangan  Anda,Ayo Rupiah
https://apkcombo.com/id/ksp-ujung-jari-dana-cepat-bisnis-online/com.wawdasn.gfafdas/,KSP Ujung Jari--Dana Cepat bisnis  online,Akuntansi  Ujung Jari
https://apkcombo.com/id/uang-express-pinjaman-dana-cepat-cicilan/com.dhf.ljqid/,Uang  Express  - Pinjaman Dana Cepat Cicilan,secondinstallment
https://apkcombo.com/id/dana-raja-online-cepat-aman/creditraja.danarj.draja/,Dana Raja Online Cepat & Aman,Pt Ruixiang International Indonesia
https://apkcombo.com/id/modal-rakyat/com.modalrakyat.android.universalwebview/,Modal Rakyat,Daniel Fernando
https://www.apkmonk.com/app/com.happydana.real/,HappyDana  -  Dana Cepat,"HD Co.,  Ltd."
https://www.apkmonk.com/app/com.zhuyuinfo.app/,Rupiah Avenue - Pinjaman Uang Dana Cepat Cash Plus,Rupiah Avenue
https://www.apkmonk.com/app/com.wPinjamanDanaCepatsolusikeuangananda_6129133/,Pinjaman Dana Cepat,Aplikasi Peminjaman
https://www.apkmonk.com/app/com.id.akseleran/,"Akseleran -  Dana Cepat,  Tanpa  Ribet",Higdon Kilcullen
https://www.apkmonk.com/app/com.pinjamuang.loan/,Pinjam  Uang - Pinjaman Dana Cepat,Pendanaan
https://www.apkmonk.com/app/com.second.news/,"NewsCat- Menghasilkan,  pinjaman uang",NewsCat
https://www.apkmonk.com/app/com.wecash.partner/,Pinjaman Dana  - Uang Rupiah Kredit Kita UTunai Pro,Tunai Indonesia
https://www.apkmonk.com/app/com.yckj.xcash/,Rupiah Maju - Pinjaman dana tu,PT Rupiah Maju
https://www.apkmonk.com/app/com.rccepat.rupiah/,Rupiah Cepat Cair  - Pinjam  Uang Cepat & Mudah Info,layungsari Apptech
https://www.apkmonk.com/app/com.uang.pian0516/,Rupiah U.ang - P.injam  U.ang C.epat Cair  Dan Mudah,oliverfisher6371@gmail.com
https://www.apkmonk.com/app/com.wPinjamanmodalusahamembantuusahatanpamodalm enjadiusahamenjanjikan_6129378/,Pinjaman Modal Usaha,Berita  Pinjaman
https://www.apkmonk.com/app/com.kurbri.pinjaman.tunai.online/,Pinjaman Tunai Bri Modal Usaha,TRI KTA ONLINE
https://www.apkmonk.com/app/com.buahkur.info/,Modal Cepat KUR BRi,Kredan Sliuk
https://www.apkmonk.com/app/com.indosejahtera.kurpinjamanmodalbri/,Kur  Bri Pinjaman Modal - 2018,"Indonesia Sejahtera,  PT"
https://www.apkmonk.com/app/com.kur.money/,KUR Modal BRI info,Brian Hinrichs
https://apkmody.io/apps/teman-prima-pinjaman-clue,Teman Prima Pinjaman-Clue,LDWay
https://apkmody.io/apps/pinjam-uang,Pinjam  Uang,Asmenah Dev
https://apkmody.io/apps/dana-kilat-pinjaman-clue,Dana Kilat Pinjaman-Clue,LDWay
https://apkcombo.com/id/menghasilkan-uang/com.uang.menghasilkan/,Menghasilkan Uang,Strategi trading forex
https://apkcombo.com/id/cepat-cair/com.neptunea.cepatcair/,Cepat Cair,laady
https://apkcombo.com/id/pinjol-legal-cepat-cair-helper/com.ptwahyulutex.pinjolegalcair/,Pinjol Legal Cepat Cair  Helper,PT Wahyulu Tex
https://apkcombo.com/id/paylater-gopay-cepat-cair- guia/com.pinjolilegal.pinjolilegaltipsinfo/,Paylater  Gopay Cepat Cair  Guia,Shany Corps
https://apkcombo.com/id/duitku-pinjaman-online/com.duitku.cash.ku.duit/,DuitKu-Pinjaman Online,cashaman8@gmail.com
https://www.apkmonk.com/app/com.finlabtech.pinjaman/,Pinjaman,Pinjaman.
https://www.apkmonk.com/app/com.xinwang.zhuangkasfujinlaed/,WangKas,Red Sun LIT
https://www.apkmonk.com/app/com.manado.manado/,Kredit  Easy-Pinjam  Dana Uang Cepat Online,STACY FRANCIS
https://www.apkmonk.com/app/com.cash.go.tough/,Go Cash - Online Loan  App,Overseas Pioneer
https://www.apkmonk.com/app/com.jackbykredgo.kredgodetilf/,Go  Dompet - Safe and fast online cash loan.,Ruthanne Berg
https://www.apkmonk.com/app/com.gogo.csh/,Go Cash - Earn Real Money,Lalit kr
https://apk.tools/details-angel-cash-pinjam-dana-cepat-apk/,ANGEL CASH - PINJAM  DANA CEPAT,Cash  Express
https://apk.tools/details-dana-kilat-%e2%80%93-pinjaman-uang-tunai-kredit-dana-cash- 2d0085bdac1de9bd93a037edff0e50d7-apk/,PINJAM UANG - BUNGA RENDAH,KSP bina usaha maju plus
https://apk.tools/details-pinjaman-kilat-uang-online-333f9e39cb601e554ca9d8e1700e4887- apk/,PINJAMAN KILAT  - UANG  ONLINE,PT.Pinjaman Kilat Indonesia
https://apk.tools/details-credit-cash-a459b9855d2955d2eca2bff52806c73b-apk/,CREDIT CASH,PanchartDev
https://apkgk.com/com.fx.uangruntuhhelper,Uang Runtuh Pinajaman Helper,BDG FEX
https://apkgk.com/io.playtime,MONEY CASH - Play Games &  Earn,GameTester
https://apkgk.com/com.cashtime,Cash Time -  Earn Money,Adprime
https://apkgk.com/com.kronosfunction.loan,Kronos Cash,"KRC,  PT"
https://apkgk.com/com.cashcepat.wk.won,Cash cepat,Ronda  Nielsen
https://apkgk.com/finance.empower,Empower:  Cash Advance  & Credit,Empower Finance
https://apktoko.net/2020/09/pasarpinjam-apk-0-1-1/,PASARPINJAM,com.pasarpinjam.android
https://apktoko.net/2023/12/super-pinjaman-apk-solusi-cepat/,Super Pinjaman,PT.Super Pinjaman Indonesia
https://apktoko.net/2023/12/kta-pintar-pinjaman-apk/,KTA Pintar-Cash Pro,
https://apktoko.net/2023/12/kredit-digital-pinjaman-apk/,Kredit Digital Pinjaman,PT.Kreditsekali
https://apktoko.net/2023/12/pinjam-uang-apk-solusi-pinjaman/,Pinjam  Uang,
https://apktoko.net/2023/12/terus-dana-langgeng-cash-solusi-pinjaman/,Terus  Dana Langgeng Cash,
https://apktoko.net/2023/12/uang-cash-pinjaman-apk-solusi-keuangan/,Uang Cash Pinjol,KOPERASI    SIMPAN    PINJAM    MAKMUR INTI  SENTOSA
https://apktoko.net/2023/12/surya-rupiah-pinjaman-apk/,Surya Rupiah Pinjaman,
https://apktoko.net/2023/11/terus-dana-pinjaman-apk-solusi-cepat/,Terus  Dana Pinjaman,PT Hello Duit Ltd.
https://apktoko.net/2023/11/ada-tunai-apk-solusi-pinjaman-cepat/,Ada  Tunai,LUIS ALBERTO
https://apkgk.com/id/kreditpetiruang.pinjaman.texasdevdroid,Kredit Petir  uang online clue,Texasdevdroid
https://apkgk.com/id/com.sterkmopi.lunomosik,DanaMu:  Pinjaman  Online Hint,Lynokumpo
https://apkgk.com/id/com.activehours,EarnIn:  Make Every  Day Payday,Activehours Inc.
https://apkgk.com/id/com.danadarurat.pinjamanonline.tom,Kreditall Pinjaman Online-Hint,PT Tom  Tom
https://apkgk.com/id/com.adyadeveloper.cashnow,Cash Now Tips Pinjaman Online,Adya  Developer
https://apkgk.com/id/com.newandromo.dev1747953.app2942252,Beruang Pinjaman Online  - Clue,PT PINJOL DANA CAIR
https://apktoko.net/2023/09/mini-cash-pinjaman-apk-solusi-pinjol/,Mini Cash Pinjaman,Personal Credit
https://apktoko.net/2023/09/dana-mudah-super-cash-solusi-pinjaman-cepat/,Dana Mudah  Super Cash,PT Tunai Cair  Financial
https://apktoko.net/2023/09/uang-lancar-pinjaman-apk/,Uang Lancar  Pinjaman,
https://apktoko.net/2023/09/danaku-apk-solusi-pinjaman-tanpa-jaminan/,DanaKu,Uang cepat
https://apktoko.net/2023/09/kocash-pinjaman-apk/,KoCash Pinjaman,KoCash Dev  Team
https://apktoko.net/2023/09/ksp-uang-mengkilap-apk-pinjaman/,KSP Uang Mengkilap,
https://apktoko.net/2023/08/pinjaman-amanah-apk-solusi-keuangan/,Pinjaman Amanah,
https://apktoko.net/2023/08/unduh-murni-pinjaman-apk/,Murni Pinjaman,ARELLANO TAFOLLA  AGUSTIN
https://apktoko.net/2023/08/dana-raja-apk-aplikasi-pinjaman-tunai-online/,Dana Raja,Pt Ruixiang International Indonesia
https://apktoko.net/2023/08/dana-kelinci-pinjaman-apk/,Dana  Kelinci pinjaman,Dana Kelinci Tech
https://apk.tools/details-pasarpinjam-dana-talangan-segala-kebutuhan-apk/,PASARPINJAM - PINJAM DUIT TUNAI TANPA AGUNAN,PT Digital Bertahan Indonesia
https://apksfull.com/pasarpinjam/com.pasarpinjam,PasarPinjam,PT Digital Berhans Indonesia
https://www.apkmonk.com/app/com.pasarpinjam.android/,PasarPinjam,PT Digital Bertahan Indonesia
https://www.apkmonk.com/app/id.pedia.cash/,Cashpedia  – Platform  Pembanding  Pinjaman Uang,dividetest1004
https://www.apkmonk.com/app/com.bambushop/,BambuLoan-Cari Pinjaman uang seluruh Internet,ayo pinjaman
https://www.apkmonk.com/app/id.sahabat.dana/,Dana Sahabat:  Platform  Pembanding Pinjaman  Uang,phon cheng
https://www.apkmonk.com/app/com.sukses.wanlong.banten/,Cepat Uang - Tidak ada  biaya transaksi,josephatkinson9239@gmail.com
https://www.apkmonk.com/app/com.id.danamudah/,Danamudah~Pinjam  Uang  Dana Online Cepat,Danamudah
https://www.apkmonk.com/app/com.PinjamanTunaiDanaCepatCimb.mobile/,CASH CIMB  - Pinjaman Dana  Online Mobile,PT Artha Graha Finance Technology
https://www.apkmonk.com/app/com.sdses.PinjamanDana/,Pinjaman Dana-Pinjam  uang dana  online tercepat,Pinja Dana
https://www.apkmonk.com/app/sum.pinjam.uangonlineterbaru/,Pinjaman Dana  Online Five In One,sumartinidev
https://www.apkmonk.com/app/com.mei.pinjamanonlinedenganktp/,Pinjaman Dana  Online Dengan KTP,Mei Info
https://www.apkmonk.com/app/com.yinhu.KreditCepat/,Kredit Cepat-Pinjman dana online,Jonathan A  Melton
https://www.apkmonk.com/app/com.dnpo.superone/,Dana Pinjam  Online Plus+,Pandora Apps
https://www.apkmonk.com/app/com.dnp.online/,Dana Pinjam  Online,Dapin Online
https://www.apkmonk.com/app/com.pintuang.pinjaman/,Pintu         Uang-Pinjaman         Dana         Kredit         Online Mudah&Cepat,hool app
https://apktoko.net/2023/11/dana-go-pinjaman-apk-solusi-pinjol/,Dana Go Pinjaman,Pinjaman Amanah
https://apktoko.net/2021/06/apk-punya-duit-2-0-0/,PunyaDuit,
https://apktoko.net/2023/03/ksp-panen-duit/,Panen  Duit pinjaman,
https://apktoko.net/2022/12/hello-duit-apk-1-0-1/,Hello Duit,PT Hello Duit Lmt
https://apktoko.net/2022/12/duit-panas-apk-1-0-0-0/,Duit Panas,KOPERASI   SIMPAN  PINJAM  IDA   WELAS RASA
https://apktoko.net/2022/08/duit-happy-apk-versi-1-1-1/,KSP Duit  Happy,PT.Duit Happy Indonesia
https://apktoko.net/2022/02/duitaman-apk-2022/,DUITAMAN,KSP Ekasetia Nusantara
https://apkcombo.com/pahlawan-pinjam-uang-hint/com.pajlawanpinjamuanghint/,Pahlawan Pinjam  Uang Hint,Pidie Usaha Sampai
https://apkcombo.com/pinjam-pasar-cepat/com.tinkalcn.uni.cepat/,Pinjam  Pasar  Cepat,Guss Halon
https://apkcombo.com/duit-duit-juta-cepat-easy-flash-pedia/com.duit.easy.program/,Duit Duit  - juta cepat easy flash pedia,Duit Duit
https://www.apkmonk.com/app/com.mitradana.cair.cpt.aso.pinjolkta.ids/,MITRA  DANA,terasa hebat
https://www.apkmonk.com/app/anda.mcvbmxb.jsdgh/,MITRA  DANA,KSP Mitra Dana Nusantara
https://www.apkmonk.com/app/com.ksp.id/,KSP Syariah,PT.  Tekno Multi Solusi
https://www.apkmonk.com/app/rvgdzj.fiqzbk.rzvcj.psyegd/,KSP AB  Mango Kredit,Joe L Townwemd
https://www.apkmonk.com/app/com.lmcfpq0n.rslrzmr/,YoloYolo – KSP SAN,Doloris JIMENEZ
https://www.apkmonk.com/app/id.corp.yolo.yolo/,KSP SAN  - YoloYolo,KSP Sahabat  Andalan Nusantara
https://www.apkmonk.com/app/id.co.ksp.yoloyolo/,KSP SAN YoloYolo,KSP Sahabat  Andalan Nusantara
https://www.apkmonk.com/app/com.ksp.btn/,KSP BTN,Michael Henderson
https://www.apkmonk.com/app/org.siap.saku/,Siap Saku,Waichien Chen
https://www.apkmonk.com/app/com.lottery.dakin/,KSP Dakin,Sai Pawar  Marilyn.Thomas
https://www.apkmonk.com/app/sing.er.dg/,saku ajaib,Trayden Wei
https://www.apkmonk.com/app/you.be.why.of/,saku kita,Joey Lee
https://www.apkmonk.com/app/kita.saku.lv/,Saku kita,Quennel Jaow
https://apkgk.com/com.ksp.btn,KSP BTN,Michael Henderson
https://apppcdownload.com/ksp-dakin/,KSP Dakin,Sai Pawar  Marilyn.Thomas
https://apkmonk.com/app/iopu.ujki.opik/,Saku Keren,christopherwilkinson3070
https://apkcombo.com/id/ksp-btn/com.ksp.btn/,KSP BTN,Michael Henderson
https://apkmonk.com/app/harapan.we.peace/,saku harapan,balaamguo@gmail.com
https://apkmonk.com/app/jhsh.saj.fgj.desc/,Saku kita,Elisangela Rocho
https://apkcombo.com/saku-keren/iopu.ujki.opik/,Saku Keren,christopherwilkinson3070
https://apkcombo.com/ksp-dakin/com.lottery.dakin/,KSP Dakin,Sai Pawar  Marilyn.Thomas
https://apkfollow.com/app/id/ksp-btn/com.ksp.btn/,KSP BTN,Michael Henderson
https://apkcombo.com/id/ksp-btn-max-gb/com.ksp.btnmaxgb/,KSP BTN Max Gb,Priscilla  Allison
https://androidout.co.id/item/android-apps/1065643/ksp-btn/,KSP BTN,Michael Henderson
https://apkcombo.com/id/tunai-kilat-layanan- bantuan/com.app.tunaikilat.layananbantuan/,Tunai Kilat  - Layanan Bantuan,PT.Keuangan Tech
https://apkcombo.com/id/kta-pintar-cash-pro/com.ktapintar.kta.pintar.loan/,KTA Pintar–Cash Pro,Rupiah Cash ksp
https://apkcombo.com/id/tunai-kilat-pinjaman-tunai/com.ddtrd.nties/,Tunai Kilat-Pinjaman Tunai,Perusahaan Keuangan Anark
https://apkcombo.com/id/pohon-rupiah-pinjaman-uang-tunai-tanpa- jaminan/com.pohonrupiah.credit/,Pohon Rupiah  - Pinjaman  uang tunai tanpa  jaminan,Dovoq
https://apkcombo.com/id/rupiah-cash/asia.rupiahcash/,Rupiah Cash,wagyich
https://apkcombo.com/id/sinar-rupiah-pinjaman-helper/sinarrupiah.pinjaman.pinjolnesia/,Sinar  Rupiah pinjaman Helper,pinjolnesia
https://www.apkmonk.com/app/zccjiw.hjjun/,Mango Loan—Fast Credit Cash Online,Fuwei Lending Corp.
https://apkcombo.com/pinjol-ilegal-cair-modal-ktp/com.pinjolcair.modalktpmasukewallet/,pinjol ilegal cair  modal ktp,Ademe Inco
https://apkcombo.com/cara-pengajuan-pinjol-hanya-modal-ktp- cair/com.utopiancorporatum.panduanpinjolktp/,Cara Pengajuan  PINJOL Hanya Modal KTP  - Cair,Utopian Corporatum
https://apkcombo.com/pinjol-tanpa-ktp-cair- kok/com.pinjoltanpakt.pinjamanpasticairmudah/,Pinjol Tanpa  Ktp Cair  Kok,Ademe Inco
https://apkcombo.com/info-pinjol-cair-tanpa-ktp/com.infoterbaru.pinjoltanpaverifktp/,Info Pinjol Cair  Tanpa  KTP,Sasmaka
https://apkcombo.com/cair-kilat-pinjaman- tips/com.teamgetappsho.pinjol1menitcairadviceho/,Cair  Kilat  - Pinjaman Tips,Team  Getapps
https://apkcombo.com/pinjol-ewallet-cair-guide/com.masguen.pinjolewalletcairguide/,Pinjol  Ewallet Cair  Guide,Masguen
